n	N	estimacion	estimacion_se	estimacion_low	estimacion_upp	se	ind	des	mes	CLASE	nivel	periodicidad	trim	orden	indice
73471	50784855.9999967	0.546977721102537	0.00367084655086169	0.539782875540271	0.554172566664803	0.003294794978018079	prob	ratio	1	Nacional	nacional	Mensual	0	1	1
29130	22320774.9999902	0.559677952675479	0.00548986412058353	0.548917569605289	0.570438335745668	0.004981566710664962	prob	ratio	1	Nacional	13_ciudad	Mensual	0	2	2
57364	39291483.9999951	0.137043600682997	0.00330216351587384	0.130571342555615	0.143515858810379	0.0036939680568847185	tsd	ratio	1	Nacional	nacional	Mensual	0	1	3
23621	18018177.9999924	0.144974956666452	0.00495552527107629	0.13526180787814	0.154688105454764	0.006133183995662028	tsd	ratio	1	Nacional	13_ciudad	Mensual	0	2	4
73471	50784855.9999967	21491566.3770541	205462.877528138	21088859.9026452	21894272.851463	129457.38416207746	tot_pob	total	1	Nacional	nacional	Mensual	0	1	5
29130	22320774.9999902	10084376.9739781	147038.582211525	9796174.67316681	10372579.2747894	89758.75571163557	tot_pob	total	1	Nacional	13_ciudad	Mensual	0	2	6
73471	50784855.9999967	3413013.26806337	87750.4445652378	3241022.72367005	3585003.8124567	95483.36269467932	tot_deso	total	1	Nacional	nacional	Mensual	0	1	7
29130	22320774.9999902	1709870.51924316	63019.5344777261	1586349.36881198	1833391.66967435	75958.30229840084	tot_deso	total	1	Nacional	13_ciudad	Mensual	0	2	8
73471	50784855.9999967	0.633841665158806	0.00350517208244268	0.626971540937345	0.640711789380267	0.0030523031700680366	tgp	ratio	1	Nacional	nacional	Mensual	0	1	9
29130	22320774.9999902	0.654574923903307	0.00520273274658597	0.644377331369972	0.664772516436641	0.004646037396748559	tgp	ratio	1	Nacional	13_ciudad	Mensual	0	2	10
57364	39291483.9999951	14386904.3548776	157466.292414154	14078269.5807463	14695539.1290089	119929.52116987584	pffl	total	1	Nacional	nacional	Mensual	0	1	11
23621	18018177.9999924	6223930.50677115	110957.213316631	6006447.22031284	6441413.79322946	83713.12880927236	pffl	total	1	Nacional	13_ciudad	Mensual	0	2	12
74214	50830535.0000159	0.565166208269107	0.00357248228642687	0.558164157453539	0.572168259084674	0.0033915609853534838	prob	ratio	2	Nacional	nacional	Mensual	0	1	13
29732	22338997.0000084	0.576760662798773	0.00539911501575386	0.56617816100057	0.587343164596976	0.005231905792290283	prob	ratio	2	Nacional	13_ciudad	Mensual	0	2	14
58035	39338322.0000123	0.113531261063096	0.00286273057196048	0.107920295221615	0.119142226904577	0.00295214390329218	tsd	ratio	2	Nacional	nacional	Mensual	0	1	15
24154	18037882.0000062	0.115061571330487	0.00432373955878079	0.106586772824648	0.123536369836327	0.004523708306277382	tsd	ratio	2	Nacional	13_ciudad	Mensual	0	2	16
74214	50830535.0000159	22232690.2844162	203997.946344511	21832855.1356171	22632525.4332152	133418.31812447158	tot_pob	total	2	Nacional	nacional	Mensual	0	1	17
29732	22338997.0000084	10403540.7778096	148903.403176184	10111683.5887568	10695397.9668624	94372.49931644919	tot_pob	total	2	Nacional	13_ciudad	Mensual	0	2	18
74214	50830535.0000159	2847370.98325886	75224.3921292144	2699931.47928703	2994810.48723068	74841.74728643468	tot_deso	total	2	Nacional	nacional	Mensual	0	1	19
29732	22338997.0000084	1352690.43643558	53620.8370780779	1247591.24830118	1457789.62456997	53503.320782481365	tot_deso	total	2	Nacional	13_ciudad	Mensual	0	2	20
74214	50830535.0000159	0.63754781578297	0.00343624526748782	0.630812788972867	0.644282842593072	0.0031079245904137827	tgp	ratio	2	Nacional	nacional	Mensual	0	1	21
29732	22338997.0000084	0.651752307407332	0.00516852275519606	0.641621776534897	0.661882838279766	0.004693115544043614	tgp	ratio	2	Nacional	13_ciudad	Mensual	0	2	22
58035	39338322.0000123	14258260.7323373	154869.570004434	13954715.6220531	14561805.8426216	122260.53828941504	pffl	total	2	Nacional	nacional	Mensual	0	1	23
24154	18037882.0000062	6281650.78576098	110485.89379503	6065091.56083057	6498210.01069138	84653.86439582467	pffl	total	2	Nacional	13_ciudad	Mensual	0	2	24
73415	50871872.9999887	0.578801332997896	0.00361626937649363	0.571713458404968	0.585889207590824	0.0036096844139657993	prob	ratio	3	Nacional	nacional	Mensual	0	1	25
29613	22355569.9999974	0.59779289356299	0.00529614522317488	0.58741221536779	0.608173571758191	0.0053595316562188	prob	ratio	3	Nacional	13_ciudad	Mensual	0	2	26
57404	39380867.9999903	0.100325439547762	0.0026722589368044	0.0950877978365758	0.105563081258948	0.0027856224710770486	tsd	ratio	3	Nacional	nacional	Mensual	0	1	27
23935	18055840.9999975	0.104690653973699	0.00401637310898868	0.0968183092201308	0.112562998727266	0.0040971662568324175	tsd	ratio	3	Nacional	13_ciudad	Mensual	0	2	28
73415	50871872.9999887	22793698.8930086	212046.002465904	22378089.5130272	23209308.2729899	142152.5054280446	tot_pob	total	3	Nacional	nacional	Mensual	0	1	29
29613	22355569.9999974	10793653.4371018	153196.381268109	10493381.7739203	11093925.1002833	96770.85141915399	tot_pob	total	3	Nacional	13_ciudad	Mensual	0	2	30
73415	50871872.9999887	2541794.5120188	70198.4409158481	2404205.82765119	2679383.1963864	71766.7686439566	tot_deso	total	3	Nacional	nacional	Mensual	0	1	31
29613	22355569.9999974	1262127.60104757	50602.4189783057	1162944.62830469	1361310.57379045	49834.325681031165	tot_deso	total	3	Nacional	13_ciudad	Mensual	0	2	32
73415	50871872.9999887	0.643345225530164	0.00348467568046861	0.636515274094373	0.650175176965955	0.0034645594123269285	tgp	ratio	3	Nacional	nacional	Mensual	0	1	33
29613	22355569.9999974	0.667694240226807	0.00503111606879256	0.65783303086187	0.677555449591743	0.005000311460356133	tgp	ratio	3	Nacional	13_ciudad	Mensual	0	2	34
57404	39380867.9999903	14045374.5949629	156613.490094083	13738411.3224471	14352337.8674788	136437.35689500524	pffl	total	3	Nacional	nacional	Mensual	0	1	35
23935	18055840.9999975	6000059.96184815	105057.388141044	5794140.85126932	6205979.07242699	90284.8286786686	pffl	total	3	Nacional	13_ciudad	Mensual	0	2	36
72222	50917729.0000022	0.57679106217221	0.00363190474369234	0.569672540378742	0.583909583965678	0.0033784304262713723	prob	ratio	4	Nacional	nacional	Mensual	0	1	37
28948	22373993.0000039	0.58632507733411	0.00546031480122688	0.575622609476081	0.597027545192139	0.004957249170308398	prob	ratio	4	Nacional	13_ciudad	Mensual	0	2	38
56543	39428415.0000015	0.107247004834968	0.00285830070381999	0.101644718473357	0.11284929119658	0.00290850582195572	tsd	ratio	4	Nacional	nacional	Mensual	0	1	39
23459	18075901.0000023	0.110910596970193	0.00425920859269125	0.102562270776855	0.119258923163531	0.004276799144781403	tsd	ratio	4	Nacional	13_ciudad	Mensual	0	2	40
72222	50917729.0000022	22741957.3676176	212060.649654054	22326319.1660042	23157595.5692309	133206.15689565762	tot_pob	total	4	Nacional	nacional	Mensual	0	1	41
28948	22373993.0000039	10598354.0517101	154455.009492657	10295615.1374198	10901092.9660004	89606.74523482584	tot_pob	total	4	Nacional	13_ciudad	Mensual	0	2	42
72222	50917729.0000022	2732006.30518261	76132.8633069835	2582786.13425409	2881226.47611113	73986.85021540355	tot_deso	total	4	Nacional	nacional	Mensual	0	1	43
28948	22373993.0000039	1322105.25822364	53304.3502653069	1217626.28289435	1426584.23355294	51382.886495603685	tot_deso	total	4	Nacional	13_ciudad	Mensual	0	2	44
72222	50917729.0000022	0.646081352060417	0.00347939758733939	0.63926174381033	0.652900960310504	0.0029558337343246403	tgp	ratio	4	Nacional	nacional	Mensual	0	1	45
28948	22373993.0000039	0.659466950495701	0.00520601085024986	0.649262930064346	0.669670970927056	0.004452742316364976	tgp	ratio	4	Nacional	13_ciudad	Mensual	0	2	46
56543	39428415.0000015	13954451.3272013	155658.746553187	13649359.2591362	14259543.3952665	116543.8391479527	pffl	total	4	Nacional	nacional	Mensual	0	1	47
23459	18075901.0000023	6155441.6900686	110236.770194026	5939370.4420769	6371512.9380603	80487.32928912294	pffl	total	4	Nacional	13_ciudad	Mensual	0	2	48
71702	50962460.0000073	0.571686941700417	0.00355075196113578	0.564727478257816	0.578646405143017	0.0033948963955241296	prob	ratio	5	Nacional	nacional	Mensual	0	1	49
28813	22391902.0000049	0.583031943257883	0.0053051852857939	0.572633534339462	0.593430352176303	0.005158256280292088	prob	ratio	5	Nacional	13_ciudad	Mensual	0	2	50
56214	39475193.0000058	0.104751031896847	0.00274472654056744	0.0993713508959773	0.110130712897717	0.002882867312814336	tsd	ratio	5	Nacional	nacional	Mensual	0	1	51
23424	18095509.0000041	0.112178555365791	0.00428181892710188	0.103785910797566	0.120571199934016	0.004715764559144465	tsd	ratio	5	Nacional	13_ciudad	Mensual	0	2	52
71702	50962460.0000073	22567452.359207	203106.256066969	22169364.6922754	22965540.0261387	134014.1904283195	tot_pob	total	5	Nacional	nacional	Mensual	0	1	53
28813	22391902.0000049	10550259.7765129	147574.656474628	10261006.6135503	10839512.9394755	93341.27294433193	tot_pob	total	5	Nacional	13_ciudad	Mensual	0	2	54
71702	50962460.0000073	2640565.92761969	72205.595227011	2499043.17248676	2782088.68275262	74259.88256576625	tot_deso	total	5	Nacional	nacional	Mensual	0	1	55
28813	22391902.0000049	1333052.84256864	53733.7306055479	1227732.2414117	1438373.44372557	57042.43564427029	tot_deso	total	5	Nacional	13_ciudad	Mensual	0	2	56
71702	50962460.0000073	0.638578721751228	0.00342591795081224	0.631863932603185	0.645293510899271	0.0032431696186708105	tgp	ratio	5	Nacional	nacional	Mensual	0	1	57
28813	22391902.0000049	0.656699550097145	0.00505972562518319	0.646782253484235	0.666616846710055	0.004717703467781789	tgp	ratio	5	Nacional	13_ciudad	Mensual	0	2	58
56214	39475193.0000058	14267174.7131791	155046.100866591	13963283.3962253	14571066.0301328	128024.7466287639	pffl	total	5	Nacional	nacional	Mensual	0	1	59
23424	18095509.0000041	6212196.38092255	107611.574025452	6001270.67210606	6423122.08973905	85369.24556057696	pffl	total	5	Nacional	13_ciudad	Mensual	0	2	60
71777	51008937.0000037	0.583243168907536	0.00359506689744135	0.57619684844388	0.590289489371192	0.0033867749386341877	prob	ratio	6	Nacional	nacional	Mensual	0	1	61
29065	22410517.0000039	0.606863075809112	0.00527814665545437	0.596517667627066	0.617208483991157	0.004919479616359926	prob	ratio	6	Nacional	13_ciudad	Mensual	0	2	62
55959	39524262.0000026	0.0934230962066259	0.00261643502750613	0.0882948668618913	0.0985513255513606	0.0027711669265134344	tsd	ratio	6	Nacional	nacional	Mensual	0	1	63
23538	18116009.0000014	0.0883575916867172	0.00370315664486356	0.081099164777267	0.0956160185961673	0.0035527357467828396	tsd	ratio	6	Nacional	13_ciudad	Mensual	0	2	64
71777	51008937.0000037	23052255.8176132	212406.169829549	22635940.3542926	23468571.2809338	133859.78000961142	tot_pob	total	6	Nacional	nacional	Mensual	0	1	65
29065	22410517.0000039	10993936.9431264	153024.44952648	10694002.0425779	11293871.8436749	89121.3370052938	tot_pob	total	6	Nacional	13_ciudad	Mensual	0	2	66
71777	51008937.0000037	2375543.76690748	68914.0932965385	2240472.34829903	2510615.18551593	72097.3890250213	tot_deso	total	6	Nacional	nacional	Mensual	0	1	67
29065	22410517.0000039	1065546.9541479	46347.1775827859	974704.372181339	1156389.53611447	44082.632819810664	tot_deso	total	6	Nacional	13_ciudad	Mensual	0	2	68
71777	51008937.0000037	0.643346600235547	0.00346571597454991	0.636553807197378	0.650139393273716	0.003277370988442485	tgp	ratio	6	Nacional	nacional	Mensual	0	1	69
29065	22410517.0000039	0.665681050239783	0.0050656804176254	0.655752085574512	0.675610014905055	0.00491163636767021	tgp	ratio	6	Nacional	13_ciudad	Mensual	0	2	70
55959	39524262.0000026	14096462.4154819	155429.624108648	13791819.3607087	14401105.4702551	129535.66961839974	pffl	total	6	Nacional	nacional	Mensual	0	1	71
23538	18116009.0000014	6056525.1027271	107111.078871002	5846580.44962799	6266469.7558262	88979.24864144027	pffl	total	6	Nacional	13_ciudad	Mensual	0	2	72
72034	51046877.000002	0.585915520180597	0.00359362770254641	0.578872020958444	0.592959019402751	0.003177884416286775	prob	ratio	7	Nacional	nacional	Mensual	0	1	73
28879	22428608.0000007	0.604993129418199	0.0051989338622224	0.59480297919039	0.615183279646007	0.004396352362731963	prob	ratio	7	Nacional	13_ciudad	Mensual	0	2	74
56509	39565078.000002	0.0957285056410668	0.00270067786841556	0.0904351609051586	0.101021850376975	0.002707632668311227	tsd	ratio	7	Nacional	nacional	Mensual	0	1	75
23658	18136086.0000001	0.0978759191236773	0.00388613812140989	0.0902588386538972	0.105492999593457	0.0038336093981326484	tsd	ratio	7	Nacional	13_ciudad	Mensual	0	2	76
72034	51046877.000002	23181793.2573571	210605.216204221	22769007.6826397	23594578.8320744	125733.2448053695	tot_pob	total	7	Nacional	nacional	Mensual	0	1	77
28879	22428608.0000007	10972207.4245377	150356.234845649	10677502.2674096	11266912.5816658	79732.62453681005	tot_pob	total	7	Nacional	13_ciudad	Mensual	0	2	78
72034	51046877.000002	2454084.24400261	72094.8299879953	2312778.59940789	2595389.88859732	71558.72076680939	tot_deso	total	7	Nacional	nacional	Mensual	0	1	79
28879	22428608.0000007	1190429.24278117	49392.7140317816	1093617.24449814	1287241.2410642	47926.401677921014	tot_deso	total	7	Nacional	13_ciudad	Mensual	0	2	80
72034	51046877.000002	0.647942043773006	0.00345784190158044	0.641164684302281	0.65471940324373	0.0031278291491415723	tgp	ratio	7	Nacional	nacional	Mensual	0	1	81
28879	22428608.0000007	0.670631836842786	0.00495138635959927	0.660926891140963	0.68033678254461	0.004232617910512431	tgp	ratio	7	Nacional	13_ciudad	Mensual	0	2	82
56509	39565078.000002	13929200.4986423	155860.406366018	13623713.1722112	14234687.8250735	123752.80425645884	pffl	total	7	Nacional	nacional	Mensual	0	1	83
23658	18136086.0000001	5973449.3326813	104158.015609752	5769292.92812606	6177605.73723654	76763.12243019341	pffl	total	7	Nacional	13_ciudad	Mensual	0	2	84
72033	51093190.9999906	0.584653403209791	0.00360905327163239	0.577579669918118	0.591727136501465	0.003440562167503275	prob	ratio	8	Nacional	nacional	Mensual	0	1	85
29056	22447414.9999906	0.600325516440348	0.00521115018610139	0.590111424262193	0.610539608618504	0.004928844257452142	prob	ratio	8	Nacional	13_ciudad	Mensual	0	2	86
56564	39615052.9999935	0.0927737199927024	0.002665040333367	0.087550225146918	0.0979972148384868	0.0028553160107362644	tsd	ratio	8	Nacional	nacional	Mensual	0	1	87
23828	18157088.999993	0.0958205429085962	0.00393197871424486	0.088113614744254	0.103527471072938	0.004178342357131613	tsd	ratio	8	Nacional	13_ciudad	Mensual	0	2	88
72033	51093190.9999906	23161075.5547825	213769.701678152	22742087.5981908	23580063.5113742	136298.0526154374	tot_pob	total	8	Nacional	nacional	Mensual	0	1	89
29056	22447414.9999906	10900163.8309741	151718.075887451	10602789.4785059	11197538.1834424	89493.46384969786	tot_pob	total	8	Nacional	13_ciudad	Mensual	0	2	90
72033	51093190.9999906	2368471.00398362	70644.0071406755	2230008.96766622	2506933.04030103	74518.74253098293	tot_deso	total	8	Nacional	nacional	Mensual	0	1	91
29056	22447414.9999906	1155146.36821814	49525.3796408698	1058074.36400703	1252218.37242926	50329.76866314466	tot_deso	total	8	Nacional	13_ciudad	Mensual	0	2	92
72033	51093190.9999906	0.644440550382964	0.00347501528497089	0.63762953113213	0.651251569633797	0.003310579968128683	tgp	ratio	8	Nacional	nacional	Mensual	0	1	93
29056	22447414.9999906	0.663945096000629	0.00495874571888611	0.654225728096817	0.673664463904441	0.004268977722657531	tgp	ratio	8	Nacional	13_ciudad	Mensual	0	2	94
56564	39615052.9999935	14085506.4412274	156216.839504723	13779320.5100949	14391692.3723599	131148.8008981588	pffl	total	8	Nacional	nacional	Mensual	0	1	95
23828	18157088.999993	6101778.80080068	103820.586463271	5898283.85334495	6305273.74825641	77512.20844931141	pffl	total	8	Nacional	13_ciudad	Mensual	0	2	96
70992	51138654.0000062	0.582549947679997	0.00357604728252069	0.575540904298233	0.589558991061761	0.0032837814325279314	prob	ratio	9	Nacional	nacional	Mensual	0	1	97
28247	22466291.9999993	0.602260200025075	0.00526196981834329	0.591946486742474	0.612573913307676	0.004558747731697303	prob	ratio	9	Nacional	13_ciudad	Mensual	0	2	98
55724	39664566.0000043	0.092526741803295	0.00263935861452321	0.0873535816098695	0.0976999019967205	0.0026600675412531455	tsd	ratio	9	Nacional	nacional	Mensual	0	1	99
23073	18178298.9999982	0.0963542683702017	0.0039965419631359	0.0885207791126973	0.104187757627706	0.00377233453463467	tsd	ratio	9	Nacional	13_ciudad	Mensual	0	2	100
70992	51138654.0000062	23106590.8480523	211210.764681811	22692618.2980845	23520563.39802	130249.76536008368	tot_pob	total	9	Nacional	nacional	Mensual	0	1	101
28247	22466291.9999993	10948065.9918545	153180.430905581	10647824.9985752	11248306.9851339	82870.27933236516	tot_pob	total	9	Nacional	13_ciudad	Mensual	0	2	102
70992	51138654.0000062	2355967.56823514	69744.4629789787	2219268.60201988	2492666.53445041	68647.92559301612	tot_deso	total	9	Nacional	nacional	Mensual	0	1	103
28247	22466291.9999993	1167374.39440039	50655.0415597688	1068088.08280954	1266660.70599124	46817.14253127444	tot_deso	total	9	Nacional	13_ciudad	Mensual	0	2	104
70992	51138654.0000062	0.641947233616137	0.00344574280660907	0.635193586668578	0.648700880563696	0.0030866452197552898	tgp	ratio	9	Nacional	nacional	Mensual	0	1	105
28247	22466291.9999993	0.666478221436236	0.00500238833216586	0.65667330031975	0.676283142552722	0.004386234517917501	tgp	ratio	9	Nacional	13_ciudad	Mensual	0	2	106
55724	39664566.0000043	14202007.5837168	154770.017945086	13898657.33356	14505357.8338737	122430.44303757178	pffl	total	9	Nacional	nacional	Mensual	0	1	107
23073	18178298.9999982	6062858.61374328	104929.99629508	5857188.81061115	6268528.41687542	79734.28255082492	pffl	total	9	Nacional	13_ciudad	Mensual	0	2	108
69133	51182479.8866237	0.581221216220672	0.00368674454609619	0.573995203176953	0.588447229264392	0.0032413886330331597	prob	ratio	10	Nacional	nacional	Mensual	0	1	109
27936	22484608.0000075	0.607474353346754	0.0054987015522454	0.596696629366886	0.618252077326622	0.004370779802156159	prob	ratio	10	Nacional	13_ciudad	Mensual	0	2	110
54368	39712556.8866199	0.0923091238429166	0.0027606432662493	0.0868982420052661	0.0977200056805671	0.0026793914827829834	tsd	ratio	10	Nacional	nacional	Mensual	0	1	111
22833	18198965.0000057	0.0895481565203907	0.0039915596858759	0.0817244285446474	0.0973718844961341	0.003916543013527569	tsd	ratio	10	Nacional	13_ciudad	Mensual	0	2	112
69133	51182479.8866237	23081780.6128739	219375.379448787	22651805.2420426	23511755.9837051	128723.8304809195	tot_pob	total	10	Nacional	nacional	Mensual	0	1	113
27936	22484608.0000075	11055404.4949586	162338.05979563	10737213.9579236	11373595.0319937	79543.66864214775	tot_pob	total	10	Nacional	13_ciudad	Mensual	0	2	114
69133	51182479.8866237	2347339.82799236	72967.85722801	2204322.95185427	2490356.70413046	70063.2881766257	tot_deso	total	10	Nacional	nacional	Mensual	0	1	115
27936	22484608.0000075	1087362.38956603	50446.8633861884	988484.070009949	1186240.70912212	48717.10513417803	tot_deso	total	10	Nacional	13_ciudad	Mensual	0	2	116
69133	51182479.8866237	0.640329468421458	0.00354676484538488	0.633377815353199	0.647281121489716	0.0031879540410782183	tgp	ratio	10	Nacional	nacional	Mensual	0	1	117
27936	22484608.0000075	0.667222937376983	0.00524493302431964	0.656942612123482	0.677503262630483	0.004152808447657549	tgp	ratio	10	Nacional	13_ciudad	Mensual	0	2	118
54368	39712556.8866199	14283436.4457537	159099.652206152	13971599.9151076	14595272.9763998	126601.80620819623	pffl	total	10	Nacional	nacional	Mensual	0	1	119
22833	18198965.0000057	6056198.11548098	110266.823561251	5840067.65516364	6272328.57579833	75576.8155906249	pffl	total	10	Nacional	13_ciudad	Mensual	0	2	120
70305	51226940.0000089	0.583113009314244	0.00356753748218294	0.576120643954044	0.590105374674445	0.003293609815023625	prob	ratio	11	Nacional	nacional	Mensual	0	1	121
27969	22503629.0000065	0.614343826338055	0.0052722771320128	0.604009905824423	0.624677746851686	0.004991489893965587	prob	ratio	11	Nacional	13_ciudad	Mensual	0	2	122
55240	39761659.0000083	0.0900738615722237	0.00253228800162759	0.0851105595376159	0.0950371636068315	0.002500774246009892	tsd	ratio	11	Nacional	nacional	Mensual	0	1	123
22840	18220487.0000057	0.0865548780768202	0.00362361762272256	0.0794523416402595	0.093657414513381	0.0038926709948037515	tsd	ratio	11	Nacional	13_ciudad	Mensual	0	2	124
70305	51226940.0000089	23185540.6348217	211315.863038412	22771362.0233424	23599719.2463009	130959.39034402392	tot_pob	total	11	Nacional	nacional	Mensual	0	1	125
27969	22503629.0000065	11193643.7013263	157498.635760985	10884938.6878745	11502348.714778	90947.37672363057	tot_pob	total	11	Nacional	13_ciudad	Mensual	0	2	126
70305	51226940.0000089	2295143.62696139	66641.0282308689	2164527.36302671	2425759.89089606	64304.41519224117	tot_deso	total	11	Nacional	nacional	Mensual	0	1	127
27969	22503629.0000065	1060670.68787209	45917.8129079226	970669.533367308	1150671.84237686	47823.79922179663	tot_deso	total	11	Nacional	13_ciudad	Mensual	0	2	128
70305	51226940.0000089	0.640835541137197	0.0034482980543032	0.634076884784748	0.647594197489646	0.0031021433906146816	tgp	ratio	11	Nacional	nacional	Mensual	0	1	129
27969	22503629.0000065	0.67255690746326	0.00504152653600304	0.662675269380527	0.682438545545994	0.004491888530525405	tgp	ratio	11	Nacional	13_ciudad	Mensual	0	2	130
55240	39761659.0000083	14280974.7382253	155684.483276901	13975832.0719454	14586117.4045051	123346.36766672505	pffl	total	11	Nacional	nacional	Mensual	0	1	131
22840	18220487.0000057	5966172.61080732	105850.740780217	5758697.97592474	6173647.24568989	81844.39657588665	pffl	total	11	Nacional	13_ciudad	Mensual	0	2	132
69504	51269974.9999899	0.574346329503079	0.00367736159431	0.567138707702519	0.581553951303638	0.003647855576487461	prob	ratio	12	Nacional	nacional	Mensual	0	1	133
27762	22522033.9999984	0.594774925681184	0.0054572374457017	0.584078470473163	0.605471380889205	0.005378025477136544	prob	ratio	12	Nacional	13_ciudad	Mensual	0	2	134
54676	39809295.9999952	0.100137173961801	0.0029296526525072	0.0943950331594071	0.105879314764195	0.003289907394992749	tsd	ratio	12	Nacional	nacional	Mensual	0	1	135
22568	18241374.9999991	0.102388036999091	0.00439308869058967	0.093777279553326	0.110998794444857	0.005174519409598208	tsd	ratio	12	Nacional	13_ciudad	Mensual	0	2	136
69504	51269974.9999899	22864323.0376988	215225.342817261	22442481.7710355	23286164.3043621	145218.56240964116	tot_pob	total	12	Nacional	nacional	Mensual	0	1	137
27762	22522033.9999984	10849512.4599471	156578.664746709	10542610.5355468	11156414.3843473	98102.57948800252	tot_pob	total	12	Nacional	13_ciudad	Mensual	0	2	138
69504	51269974.9999899	2544353.01392001	77993.7280546166	2391485.45379125	2697220.57404877	84728.66197139413	tot_deso	total	12	Nacional	nacional	Mensual	0	1	139
27762	22522033.9999984	1237572.94795551	56003.7131499174	1127802.90126957	1347342.99464145	64123.0862385281	tot_deso	total	12	Nacional	13_ciudad	Mensual	0	2	140
69504	51269974.9999899	0.638259869042193	0.00353078256588235	0.631339541861351	0.645180196223036	0.003330639187304676	tgp	ratio	12	Nacional	nacional	Mensual	0	1	141
27762	22522033.9999984	0.662619205399987	0.00517573771007736	0.652474503591581	0.672763907208392	0.00499928674164484	tgp	ratio	12	Nacional	13_ciudad	Mensual	0	2	142
54676	39809295.9999952	14400619.9483764	159452.019973115	14088092.8134178	14713147.0833349	132590.40127661068	pffl	total	12	Nacional	nacional	Mensual	0	1	143
22568	18241374.9999991	6154289.5920965	109522.525003255	5939617.87384257	6368961.31035044	91193.86418687219	pffl	total	12	Nacional	13_ciudad	Mensual	0	2	144
221100	152487264.000001	0.563660500358469	0.00209112997683728	0.559561938480075	0.567759062236862	0.0020623873887340056	prob	ratio	0	Nacional	nacional	Trimestre	1	3	145
28451	34809421.0000094	0.560659940519579	0.00449595153541501	0.55184798919457	0.569471891844588	0.004846869677938853	prob	ratio	0	Rural	nacional	Trimestre	1	5	146
192649	117677842.999992	0.564477544991053	0.00236208709549216	0.559847914011504	0.569107175970602	0.002230389564923875	prob	ratio	0	Urbano	nacional	Trimestre	1	4	147
88475	67015341.999996	0.57809041284452	0.00311865288655959	0.571977881884387	0.584202943804652	0.003059897772831893	prob	ratio	0	Nacional	13_ciudad	Trimestre	1	6	148
172803	118010673.999998	0.116863556379221	0.00170914084442302	0.113513678415949	0.120213434342492	0.0017239617337731308	tsd	ratio	0	Nacional	nacional	Trimestre	1	3	149
21326	25256673.0000056	0.0830986387168704	0.00324942184148488	0.0767298443277588	0.089467433105982	0.0034688170990950303	tsd	ratio	0	Rural	nacional	Trimestre	1	5	150
151477	92754000.9999921	0.12557245535111	0.00197723322306782	0.121697122300698	0.129447788401523	0.001970608297008578	tsd	ratio	0	Urbano	nacional	Trimestre	1	4	151
71710	54111900.9999961	0.121458658888169	0.00257171080582317	0.116418113251567	0.126499204524772	0.002588621944863702	tsd	ratio	0	Nacional	13_ciudad	Trimestre	1	6	152
221100	152487264.000001	22172651.8514929	358893.471923449	65814533.4244711	67221377.6844865	81316.13719513394	tot_pob	total	0	Nacional	nacional	Trimestre	1	3	153
28451	34809421.0000094	4720134.92730187	173566.046731165	13820219.7190948	14500589.8447164	40865.24590641317	tot_pob	total	0	Rural	nacional	Trimestre	1	5	154
192649	117677842.999992	17452516.9241911	324631.925115483	51721280.4079734	52993821.137173	69135.146692261507	tot_pob	total	0	Urbano	nacional	Trimestre	1	4	155
88475	67015341.999996	10427190.3962965	259354.547842225	30773238.6616727	31789903.7161063	55309.94818723224	tot_pob	total	0	Nacional	13_ciudad	Trimestre	1	6	156
221100	152487264.000001	2934059.58778034	135247.472267963	8537097.13755659	9067260.38912546	44254.217763469554	tot_deso	total	0	Nacional	nacional	Trimestre	1	3	157
28451	34809421.0000094	427785.15070567	52279.8467896429	1180888.27435489	1385822.62987914	18052.172308826055	tot_deso	total	0	Rural	nacional	Trimestre	1	5	158
192649	117677842.999992	2506274.43707467	125083.89769681	7273662.0346034	7763984.58784462	40346.77645850717	tot_deso	total	0	Urbano	nacional	Trimestre	1	4	159
88475	67015341.999996	1441562.8522421	96998.6185448196	4134572.1569498	4514804.95650282	31291.86778908292	tot_deso	total	0	Nacional	13_ciudad	Trimestre	1	6	160
221100	152487264.000001	0.638248488588594	0.00200658674992002	0.634315629297203	0.642181347879986	0.0019202944224987928	tgp	ratio	0	Nacional	nacional	Trimestre	1	3	161
28451	34809421.0000094	0.611472470424715	0.004388637337835	0.602870852213421	0.620074088636008	0.004565790324899818	tgp	ratio	0	Rural	nacional	Trimestre	1	5	162
192649	117677842.999992	0.645539528626936	0.00225452542552933	0.641120715800715	0.649958341453157	0.0020550163753206	tgp	ratio	0	Urbano	nacional	Trimestre	1	4	163
88475	67015341.999996	0.65801162198346	0.00296536760768388	0.652199528759408	0.663823715207512	0.002798413573663049	tgp	ratio	0	Nacional	13_ciudad	Trimestre	1	6	164
172803	118010673.999998	14230179.8940593	270755.225818918	42159865.4739223	43221213.8904333	75713.67317699744	pffl	total	0	Nacional	nacional	Trimestre	1	3	165
21326	25256673.0000056	3270970.92199433	136627.320147968	9545126.26352011	10080699.2684459	38495.39120752657	pffl	total	0	Rural	nacional	Trimestre	1	5	166
151477	92754000.9999921	10959208.9720649	241610.044130575	32404076.6144868	33351177.2179029	63699.122699059895	pffl	total	0	Urbano	nacional	Trimestre	1	4	167
71710	54111900.9999961	6168547.08479343	188562.58346452	18136059.1438426	18875223.3649179	50583.42508694491	pffl	total	0	Nacional	13_ciudad	Trimestre	1	6	168
219851	152620137.000007	0.573590523016018	0.00208282625727241	0.569508236091043	0.577672809940994	0.0020595708016334633	prob	ratio	0	Nacional	nacional	Trimestre	2	3	169
28094	34826087.9999991	0.570700282573599	0.00452593564357262	0.561829562878894	0.579571002268305	0.00453258941197804	prob	ratio	0	Rural	nacional	Trimestre	2	5	170
191757	117794049.000008	0.574377095433222	0.0023458893646265	0.569779211453598	0.578974979412846	0.002251126691453671	prob	ratio	0	Urbano	nacional	Trimestre	2	4	171
88293	67068560.0000097	0.586962690872987	0.00311063931612913	0.580865866265225	0.59305951548075	0.0030833783870177576	prob	ratio	0	Nacional	13_ciudad	Trimestre	2	6	172
171982	118147605.000004	0.107013089258084	0.00161650780069459	0.103844769890058	0.11018140862611	0.0017332401693751194	tsd	ratio	0	Nacional	nacional	Trimestre	2	3	173
21092	25275054.9999987	0.0733559844091796	0.00301116917884188	0.0674541597315448	0.0792578090868145	0.0034071996143871445	tsd	ratio	0	Rural	nacional	Trimestre	2	5	174
150890	92872550.0000054	0.115698292930981	0.00187643730341411	0.112020517513665	0.119376068348297	0.001982667865542727	tsd	ratio	0	Urbano	nacional	Trimestre	2	4	175
71548	54169624.000006	0.110177749357181	0.00242509255843211	0.105424574873775	0.114930923840586	0.0025099219608233254	tsd	ratio	0	Nacional	13_ciudad	Trimestre	2	6	176
219851	152620137.000007	22589448.8483474	362706.938879125	67057450.0941193	68479242.9959652	81111.1191803063	tot_pob	total	0	Nacional	nacional	Trimestre	2	3	177
28094	34826087.9999991	4808160.34352083	176812.037177552	14077933.897777	14771028.1633481	38187.148893388156	tot_pob	total	0	Rural	nacional	Trimestre	2	5	178
191757	117794049.000008	17781288.5048266	327557.122521766	52701861.8169633	53985869.2119962	69689.29206945373	tot_pob	total	0	Urbano	nacional	Trimestre	2	4	179
88293	67068560.0000097	10598516.0888738	263627.16765305	31278841.4293203	32312255.1039227	55675.14929149428	tot_pob	total	0	Nacional	13_ciudad	Trimestre	2	6	180
219851	152620137.000007	2707057.26682009	127996.861240805	7870301.18114827	8372042.41977226	44229.077321435725	tot_deso	total	0	Nacional	nacional	Trimestre	2	3	181
28094	34826087.9999991	380628.730409777	48486.2589632255	1046854.34672697	1236918.03573169	17769.114215375765	tot_deso	total	0	Rural	nacional	Trimestre	2	5	182
191757	117794049.000008	2326428.53641031	118763.542656496	6746512.06143378	7212059.15702809	40300.81156046398	tot_deso	total	0	Urbano	nacional	Trimestre	2	4	183
88293	67068560.0000097	1312307.7652356	90978.7562196916	3758605.76566474	4115240.82574885	30066.84784027521	tot_deso	total	0	Nacional	13_ciudad	Trimestre	2	6	184
219851	152620137.000007	0.642328029802212	0.00200173819712099	0.638404673429687	0.646251386174736	0.0018883915179441582	tgp	ratio	0	Nacional	nacional	Trimestre	2	3	185
28094	34826087.9999991	0.615878668584209	0.00442926088232322	0.607197428982932	0.624559908185486	0.004246248469614977	tgp	ratio	0	Rural	nacional	Trimestre	2	5	186
191757	117794049.000008	0.649526163798746	0.00224135350696865	0.645133167463215	0.653919160134277	0.0020417879028829045	tgp	ratio	0	Urbano	nacional	Trimestre	2	4	187
88293	67068560.0000097	0.65964038373839	0.00296593660707647	0.653827175116829	0.665453592359951	0.002808965314824779	tgp	ratio	0	Nacional	13_ciudad	Trimestre	2	6	188
171982	118147605.000004	14086028.8848338	269705.943708249	41729468.9981219	42786704.3108812	74369.64504913863	pffl	total	0	Nacional	nacional	Trimestre	2	3	189
21092	25275054.9999987	3236229.25940228	138011.652424993	9438188.00628894	9979187.55012477	35774.72120439533	pffl	total	0	Rural	nacional	Trimestre	2	5	190
150890	92872550.0000054	10849799.6254316	239518.357108856	32079948.2188344	33018849.533755	63208.68303329442	pffl	total	0	Urbano	nacional	Trimestre	2	4	191
71548	54169624.000006	6145717.4792259	188139.712991879	18068399.137933	18805905.7374225	50720.19831103374	pffl	total	0	Nacional	13_ciudad	Trimestre	2	6	192
217339	152752061.999998	0.57575694565223	0.0020784848631852	0.571683167490931	0.579830723813529	0.0020623873887340056	prob	ratio	0	Nacional	nacional	Trimestre	3	3	193
27765	34843036.9999957	0.571741979065738	0.00449514446016123	0.56293160875319	0.580552349378287	0.004846869677938853	prob	ratio	0	Rural	nacional	Trimestre	3	5	194
189574	117909025.000002	0.576849030911663	0.0023440172813466	0.572254815875704	0.581443245947621	0.002230389564923875	prob	ratio	0	Urbano	nacional	Trimestre	3	4	195
87374	67121465.0000062	0.589044561106784	0.00309214953857189	0.582983975420032	0.595105146793537	0.003059897772831893	prob	ratio	0	Nacional	13_ciudad	Trimestre	3	6	196
170161	118284475.999998	0.104112465020129	0.00159367479678711	0.10098889759712	0.107236032443139	0.0017239617337731308	tsd	ratio	0	Nacional	nacional	Trimestre	3	3	197
20834	25293796.9999951	0.0703403255465167	0.00291383579157264	0.0646292717148916	0.0760513793781418	0.0034688170990950303	tsd	ratio	0	Rural	nacional	Trimestre	3	5	198
149327	92990679.0000025	0.112801427830247	0.00185503006129684	0.109165609857941	0.116437245802553	0.001970608297008578	tsd	ratio	0	Urbano	nacional	Trimestre	3	4	199
70818	54227251.0000039	0.109239669145535	0.00241727530466873	0.104501815630938	0.113977522660133	0.002588621944863702	tsd	ratio	0	Nacional	13_ciudad	Trimestre	3	6	200
217339	152752061.999998	22701036.206611	362194.817932034	67393215.8678763	68813001.37179	81316.13719513394	tot_pob	total	0	Nacional	nacional	Trimestre	3	3	201
27765	34843036.9999957	4820508.51828807	175863.566082652	14116837.3795663	14806213.7301621	40865.24590641317	tot_pob	total	0	Rural	nacional	Trimestre	3	5	202
189574	117909025.000002	17880527.688323	327712.743996964	52999274.3124152	54283891.8175226	69135.146692261507	tot_pob	total	0	Urbano	nacional	Trimestre	3	4	203
87374	67121465.0000062	10647422.4217749	262874.743030488	31427035.0991096	32457499.4315398	55309.94818723224	tot_pob	total	0	Nacional	13_ciudad	Trimestre	3	6	204
217339	152752061.999998	2638122.2482737	126245.504845043	7666928.72412184	8161804.76552034	44254.217763469554	tot_deso	total	0	Nacional	nacional	Trimestre	3	3	205
27765	34843036.9999957	364731.468723187	46787.8668438962	1002491.3615439	1185897.45079522	18052.172308826055	tot_deso	total	0	Rural	nacional	Trimestre	3	5	206
189574	117909025.000002	2273390.77955051	117547.844374137	6589781.51416158	7050563.16314149	40346.77645850717	tot_deso	total	0	Urbano	nacional	Trimestre	3	4	207
87374	67121465.0000062	1305761.90061328	91045.4596570815	3738837.40793994	4095733.99573976	31291.86778908292	tot_deso	total	0	Nacional	13_ciudad	Trimestre	3	6	208
217339	152752061.999998	0.64266654370313	0.00199974968774251	0.638747084509424	0.646586002896836	0.0019202944224987928	tgp	ratio	0	Nacional	nacional	Trimestre	3	3	209
27765	34843036.9999957	0.615001376070062	0.00440469848058208	0.60636827760727	0.623634474532855	0.004565790324899818	tgp	ratio	0	Rural	nacional	Trimestre	3	5	210
189574	117909025.000002	0.650191568163717	0.00224199115165404	0.645797321781072	0.654585814546362	0.0020550163753206	tgp	ratio	0	Urbano	nacional	Trimestre	3	4	211
87374	67121465.0000062	0.661282884636029	0.00294464372785399	0.65551140903079	0.667054360241268	0.002798413573663049	tgp	ratio	0	Nacional	13_ciudad	Trimestre	3	6	212
170161	118284475.999998	14089000.2117811	269811.879532818	41738175.3072721	42795825.9634145	75713.67317699744	pffl	total	0	Nacional	nacional	Trimestre	3	3	213
20834	25293796.9999951	3246025.67965376	137487.647511895	9468604.28473304	10007549.7931895	38495.39120752657	pffl	total	0	Rural	nacional	Trimestre	3	5	214
149327	92990679.0000025	10842974.5321273	240039.1405277	32058452.179559	32999395.013205	63699.122699059895	pffl	total	0	Urbano	nacional	Trimestre	3	4	215
70818	54227251.0000039	6122566.01094643	186467.508706322	18002222.1849803	18733173.8806983	50583.42508694491	pffl	total	0	Nacional	13_ciudad	Trimestre	3	6	216
215701	152889126.000013	0.57724305557832	0.00207453582768595	0.573177017255522	0.581309093901119	0.002010257444339485	prob	ratio	0	Nacional	nacional	Trimestre	4	3	217
27643	34861208.9999944	0.570698167351741	0.00452518602176842	0.561828915957405	0.579567418746076	0.004757707045138687	prob	ratio	0	Rural	nacional	Trimestre	4	5	218
188058	118027917.000019	0.579022350837882	0.00233409613438858	0.574447580807467	0.583597120868297	0.0021759771917726355	prob	ratio	0	Urbano	nacional	Trimestre	4	4	219
86826	67176412.0000127	0.592081026569798	0.00308881495183392	0.586026976114163	0.598135077025432	0.0029430276051812627	prob	ratio	0	Nacional	13_ciudad	Trimestre	4	6	220
168716	118427870.00001	0.101801842582027	0.00158347546879924	0.0986982654276574	0.104905419736397	0.0017268598109452657	tsd	ratio	0	Nacional	nacional	Trimestre	4	3	221
20644	25313971.9999946	0.0667696606768447	0.00275877371305159	0.0613625247668739	0.0721767965868156	0.0031188807879671595	tsd	ratio	0	Rural	nacional	Trimestre	4	5	222
148072	93113898.0000152	0.110746441821968	0.0018539297481181	0.107112780217833	0.114380103426103	0.002009323161719249	tsd	ratio	0	Urbano	nacional	Trimestre	4	4	223
70421	54287419.0000078	0.103746995893572	0.00236172342650364	0.0991180234743628	0.108375968312781	0.002514300976915891	tsd	ratio	0	Nacional	13_ciudad	Trimestre	4	6	224
215701	152889126.000013	22787221.8481459	362407.182222707	67651356.533762	69071974.5551135	79356.83576159093	tot_pob	total	0	Nacional	nacional	Trimestre	4	3	225
27643	34861208.9999944	4815545.80959673	178116.752526085	14097533.0498548	14795741.8077256	40145.48764161484	tot_pob	total	0	Rural	nacional	Trimestre	4	5	226
188058	118027917.000019	17971676.0385492	326856.805289752	53274396.9543829	54555659.2769123	67537.90609501582	tot_pob	total	0	Urbano	nacional	Trimestre	4	4	227
86826	67176412.0000127	10714183.5904498	262778.1053178	31627507.9691622	32657593.5735364	53256.4575770159	tot_pob	total	0	Nacional	13_ciudad	Trimestre	4	6	228
215701	152889126.000013	2582705.33323659	125537.887765626	7502064.88031908	7994167.11910047	44474.264711118965	tot_deso	total	0	Nacional	nacional	Trimestre	4	3	229
27643	34861208.9999944	344536.97670585	43838.9324848524	947687.719182787	1119534.14105232	16149.243938395955	tot_deso	total	0	Rural	nacional	Trimestre	4	5	230
188058	118027917.000019	2238168.35653074	117907.843753298	6483408.64558193	6945601.49360252	41334.764629864876	tot_deso	total	0	Urbano	nacional	Trimestre	4	4	231
86826	67176412.0000127	1240235.01831339	88754.0427120544	3546747.9027316	3894662.20714876	30555.095936015325	tot_deso	total	0	Nacional	13_ciudad	Trimestre	4	6	232
215701	152889126.000013	0.642667824255737	0.001996112182139	0.638755494316255	0.646580154195218	0.0018701345681003865	tgp	ratio	0	Nacional	nacional	Trimestre	4	3	233
27643	34861208.9999944	0.611529804920028	0.00444346374426707	0.602820727145117	0.620238882694939	0.00455347183027625	tgp	ratio	0	Rural	nacional	Trimestre	4	5	234
188058	118027917.000019	0.651133015451999	0.00223080832974571	0.646760686934693	0.655505343969305	0.001989407945270077	tgp	ratio	0	Urbano	nacional	Trimestre	4	4	235
86826	67176412.0000127	0.660618177966508	0.00295083498778288	0.654834567041003	0.666401788892013	0.0027339398368078725	tgp	ratio	0	Nacional	13_ciudad	Trimestre	4	6	236
168716	118427870.00001	14106029.4852874	269124.377539107	41790610.5843878	42845566.3273368	73825.351171166	pffl	total	0	Nacional	nacional	Trimestre	4	3	237
20644	25313971.9999946	3277907.88036229	138883.408870972	9561515.20882124	10105932.0733525	38422.15280480078	pffl	total	0	Rural	nacional	Trimestre	4	5	238
148072	93113898.0000152	10828121.6049251	238591.90502839	32016729.9190955	32951999.7104553	61747.17616542375	pffl	total	0	Urbano	nacional	Trimestre	4	4	239
70421	54287419.0000078	6141387.72457273	187629.735522336	18056409.3287889	18791917.0186476	49472.84581386191	pffl	total	0	Nacional	13_ciudad	Trimestre	4	6	240
215513	153018274.000013	0.580287373410152	0.00206716964714741	0.576235772597094	0.58433897422321	0.001984318383545239	prob	ratio	0	Nacional	nacional	Trimestre	5	3	241
27995	34877008.9999934	0.568739959684012	0.00449922754635702	0.559921586208903	0.577558333159121	0.004600600490031421	prob	ratio	0	Rural	nacional	Trimestre	5	5	242
187518	118141265.00002	0.583424839235124	0.00232705431679165	0.578863870968705	0.587985807501543	0.0021470089213211055	prob	ratio	0	Urbano	nacional	Trimestre	5	4	243
86757	67231027.0000096	0.598304281163409	0.00303861467671535	0.592348622744601	0.604259939582216	0.002860943561004361	prob	ratio	0	Nacional	13_ciudad	Trimestre	5	6	244
168682	118564533.00001	0.097941889216257	0.00155197792421538	0.094900046553359	0.100983731879155	0.0016863926206631468	tsd	ratio	0	Nacional	nacional	Trimestre	5	3	245
20895	25331645.9999953	0.0670305629066236	0.00285868662293806	0.0614275998787152	0.0726335259345319	0.0031562028051430346	tsd	ratio	0	Rural	nacional	Trimestre	5	5	246
147787	93232887.000015	0.105789063623617	0.00180251388421726	0.102256175978807	0.109321951268426	0.0019437388073771037	tsd	ratio	0	Urbano	nacional	Trimestre	5	4	247
70620	54347604.0000056	0.0994041262776074	0.00228896960200387	0.0949177514023858	0.103890501152829	0.0024119482328285625	tsd	ratio	0	Nacional	13_ciudad	Trimestre	5	6	248
215513	153018274.000013	22933833.8113924	361557.841866181	68092857.1058832	69510145.7624713	78423.26082278503	tot_pob	total	0	Nacional	nacional	Trimestre	5	3	249
27995	34877008.9999934	4802373.10825567	176259.495253753	14061655.1219306	14752583.5276034	38846.92766696771	tot_pob	total	0	Rural	nacional	Trimestre	5	5	250
187518	118141265.00002	18131460.7031368	327000.403639146	53753469.4958359	55035294.7229846	66723.94671650998	tot_pob	total	0	Urbano	nacional	Trimestre	5	4	251
86757	67231027.0000096	10838801.3813923	260389.434020545	32006043.11131	33026765.1770438	51828.47590660436	tot_pob	total	0	Nacional	13_ciudad	Trimestre	5	6	252
215513	153018274.000013	2490064.64617659	123129.450152734	7228863.29542621	7711524.58163333	43968.007119099086	tot_deso	total	0	Nacional	nacional	Trimestre	5	3	253
27995	34877008.9999934	345033.566948227	45480.7563382023	945959.555795147	1124241.84589422	16520.286351410898	tot_deso	total	0	Rural	nacional	Trimestre	5	5	254
187518	118141265.00002	2145031.07922836	114691.663159529	6210300.44607778	6659886.0292924	40492.12700385042	tot_deso	total	0	Urbano	nacional	Trimestre	5	4	255
86757	67231027.0000096	1196343.0131659	86460.6886833885	3419566.83937113	3758491.23962429	29718.052364242	tot_deso	total	0	Nacional	13_ciudad	Trimestre	5	6	256
215513	153018274.000013	0.643292673136075	0.00199192162147335	0.639388556571551	0.647196789700599	0.0019185999905077084	tgp	ratio	0	Nacional	nacional	Trimestre	5	3	257
27995	34877008.9999934	0.609601919496844	0.00441477245477936	0.600949075889192	0.618254763104496	0.004538401205303162	tgp	ratio	0	Rural	nacional	Trimestre	5	5	258
187518	118141265.00002	0.652446548684967	0.00222898032587182	0.648077802988137	0.656815294381798	0.0020496287253687936	tgp	ratio	0	Urbano	nacional	Trimestre	5	4	259
86757	67231027.0000096	0.664342685349494	0.00290197837452033	0.658654832898228	0.670030537800761	0.002734927942740505	tgp	ratio	0	Nacional	13_ciudad	Trimestre	5	6	260
168682	118564533.00001	14097612.5424344	269241.321693033	41765130.5470915	42820544.7075151	75825.97062945092	pffl	total	0	Nacional	nacional	Trimestre	5	3	261
20895	25331645.9999953	3296475.32479454	138160.087605447	9618635.23552667	10160216.7132406	38321.7242462377	pffl	total	0	Rural	nacional	Trimestre	5	5	262
147787	93232887.000015	10801137.2176399	239169.756695081	31934644.1799817	32872179.1258577	63697.601114757	pffl	total	0	Urbano	nacional	Trimestre	5	4	263
70620	54347604.0000056	6080723.60544367	184125.431895698	17881285.4158333	18603056.2168286	49545.59360019809	pffl	total	0	Nacional	13_ciudad	Trimestre	5	6	264
215844	153149004.999996	0.584604519478515	0.00207799840812229	0.580531694599828	0.588677344357203	0.0019535442617937566	prob	ratio	0	Nacional	nacional	Trimestre	6	3	265
27910	34893330.9999907	0.567631732631193	0.00454370612354386	0.558726182333809	0.576537282928576	0.0042694819725644755	prob	ratio	0	Rural	nacional	Trimestre	6	5	266
187934	118255674.000006	0.589213412910269	0.00233583073873865	0.584635243115743	0.593791582704795	0.0021265754070431903	prob	ratio	0	Urbano	nacional	Trimestre	6	4	267
87000	67286539.9999952	0.604058097960843	0.00301914137003868	0.598140607284867	0.609975588636819	0.002753473556992327	prob	ratio	0	Nacional	13_ciudad	Trimestre	6	6	268
169032	118704392.999998	0.0939782747399329	0.00153648329240391	0.0909668012599957	0.0969897482198701	0.0016595226190288278	tsd	ratio	0	Nacional	nacional	Trimestre	6	3	269
20736	25350013.9999945	0.0679399696652986	0.00295382088404358	0.062150545660001	0.0737293936705962	0.0031151925794624604	tsd	ratio	0	Rural	nacional	Trimestre	6	5	270
148296	93354379.0000036	0.100551562560571	0.00177208960728482	0.0970783058822887	0.104024819238853	0.0019217338687904826	tsd	ratio	0	Urbano	nacional	Trimestre	6	4	271
71024	54409183.9999945	0.0940287802451663	0.00221856694123089	0.089680394838467	0.0983771656518657	0.0022364967060125003	tsd	ratio	0	Nacional	13_ciudad	Trimestre	6	6	272
215844	153149004.999996	23131708.2099176	367650.902817979	68674538.0605733	70115711.1989321	77298.09526495128	tot_pob	total	0	Nacional	nacional	Trimestre	6	3	273
27910	34893330.9999907	4796490.78968063	178019.829622247	14040557.9578704	14738386.7802134	36077.1425924185	tot_pob	total	0	Rural	nacional	Trimestre	6	5	274
187934	118255674.000006	18335217.4202369	332881.634366741	54353212.5876063	55658091.9338154	66175.04217372855	tot_pob	total	0	Urbano	nacional	Trimestre	6	4	275
87000	67286539.9999952	10955436.0662127	262757.182803722	32351306.4187557	33381309.9785207	49938.08313384347	tot_pob	total	0	Nacional	13_ciudad	Trimestre	6	6	276
215844	153149004.999996	2399366.3382979	122218.295693657	6958554.21380709	7437643.81598032	43429.79361523109	tot_deso	total	0	Nacional	nacional	Trimestre	6	3	277
27910	34893330.9999907	349627.092831957	47065.8038156676	956633.480823534	1141129.0761682	16237.442976335145	tot_deso	total	0	Rural	nacional	Trimestre	6	5	278
187934	118255674.000006	2049739.24546595	113057.002070873	5927628.8415535	6370806.63124218	40260.606526450596	tot_deso	total	0	Urbano	nacional	Trimestre	6	4	279
87000	67286539.9999952	1137040.85504907	83907.725996329	3246664.15615947	3575580.97413496	27556.898735538252	tot_deso	total	0	Nacional	13_ciudad	Trimestre	6	6	280
215844	153149004.999996	0.645243379026821	0.0020011744929077	0.64132112709946	0.649165630954181	0.001888121087426271	tgp	ratio	0	Nacional	nacional	Trimestre	6	3	281
27910	34893330.9999907	0.609007697097962	0.00445482073688068	0.60027635993411	0.617739034261813	0.004131318230869303	tgp	ratio	0	Rural	nacional	Trimestre	6	5	282
187934	118255674.000006	0.655083035763179	0.00223594855508456	0.650700632549096	0.659465438977262	0.0020376456922932256	tgp	ratio	0	Urbano	nacional	Trimestre	6	4	283
87000	67286539.9999952	0.666751972677795	0.00288212049216526	0.661103041723889	0.6724009036317	0.0026111591162187708	tgp	ratio	0	Nacional	13_ciudad	Trimestre	6	6	284
169032	118704392.999998	14037056.4517839	269915.723419694	41582140.47042	42640198.2402832	74709.42253114433	pffl	total	0	Nacional	nacional	Trimestre	6	3	285
20736	25350013.9999945	3303886.78415226	139394.741877484	9638449.7223887	10184870.9825248	34909.65833033086	pffl	total	0	Rural	nacional	Trimestre	6	5	286
148296	93354379.0000036	10733169.6676316	239164.882753668	31730751.0897397	32668266.91605	63407.716075353615	pffl	total	0	Urbano	nacional	Trimestre	6	4	287
71024	54409183.9999945	6043917.74540303	181934.625917899	17775161.844887	18488344.6275312	47357.012269208695	pffl	total	0	Nacional	13_ciudad	Trimestre	6	6	288
215059	153278721.999999	0.584371548864245	0.0020743362440399	0.580305901652295	0.588437196076196	0.0019560644879592056	prob	ratio	0	Nacional	nacional	Trimestre	7	3	289
28286	34909389.0000008	0.56736914244405	0.00447442990402575	0.5585993716238	0.5761389132643	0.004363077409955823	prob	ratio	0	Rural	nacional	Trimestre	7	5	290
186773	118369332.999998	0.588985770426064	0.00233997908420327	0.584399469884362	0.593572070967766	0.0021204818562659848	prob	ratio	0	Urbano	nacional	Trimestre	7	4	291
86182	67342314.9999907	0.602525227192706	0.00301607442555474	0.59661374692046	0.608436707464952	0.00267324666510876	prob	ratio	0	Nacional	13_ciudad	Trimestre	7	6	292
168797	118844697	0.0936801751035399	0.00154077892633448	0.0906602822454145	0.0967000679616652	0.0016455663331962015	tsd	ratio	0	Nacional	nacional	Trimestre	7	3	293
21062	25368238.0000003	0.0701418289618944	0.00303818385479716	0.0641870553289236	0.0760966025948652	0.003277742347151511	tsd	ratio	0	Rural	nacional	Trimestre	7	5	294
147735	93476458.9999995	0.0996385126630168	0.00177018593167386	0.0961689871124997	0.103108038213534	0.0018773149085836625	tsd	ratio	0	Urbano	nacional	Trimestre	7	4	295
70559	54471473.9999913	0.0966865539114375	0.00227381287261922	0.0922298861230565	0.101143221699818	0.002293618006578325	tsd	ratio	0	Nacional	13_ciudad	Trimestre	7	6	296
215059	153278721.999999	23149819.8867306	366962.489797336	68730222.3485835	70168696.9718001	77489.29712799357	tot_pob	total	0	Nacional	nacional	Trimestre	7	3	297
28286	34909389.0000008	4797718.47979223	173725.513252335	14052657.7738568	14733653.1048966	36894.52871606075	tot_pob	total	0	Rural	nacional	Trimestre	7	5	298
186773	118369332.999998	18352101.4069384	334440.43635414	54400809.3214065	55711799.1202237	66071.7117658317	tot_pob	total	0	Urbano	nacional	Trimestre	7	4	299
86182	67342314.9999907	10940145.7491221	262848.401658248	32305256.6112955	33335617.8834371	48538.56207135292	tot_pob	total	0	Nacional	13_ciudad	Trimestre	7	6	300
215059	153278721.999999	2392840.93874046	122688.406908003	6938056.60399694	7418989.02844581	42848.11033477237	tot_deso	total	0	Nacional	nacional	Trimestre	7	3	301
28286	34909389.0000008	361905.4598845	48735.4396815505	990196.135510938	1181236.62379607	17080.237005279996	tot_deso	total	0	Rural	nacional	Trimestre	7	5	302
186773	118369332.999998	2030935.47885596	112866.385396083	5871591.14110796	6314021.73202778	39182.92292000076	tot_deso	total	0	Urbano	nacional	Trimestre	7	4	303
86182	67342314.9999907	1170983.33513323	86361.3175647308	3343682.55604782	3682217.45475158	28259.440967068094	tot_deso	total	0	Nacional	13_ciudad	Trimestre	7	6	304
215059	153278721.999999	0.644774099398085	0.0019973215658402	0.640859399031229	0.648688799764942	0.0018575938170451705	tgp	ratio	0	Nacional	nacional	Trimestre	7	3	305
28286	34909389.0000008	0.610167399841883	0.00438386263181168	0.601575138612389	0.618759661071377	0.004160718150213029	tgp	ratio	0	Rural	nacional	Trimestre	7	5	306
186773	118369332.999998	0.654165886379835	0.00224032298263943	0.649774909307334	0.658556863452335	0.002013347758738354	tgp	ratio	0	Urbano	nacional	Trimestre	7	4	307
86182	67342314.9999907	0.667016781164612	0.0028698337419854	0.661391931390803	0.672641630938421	0.002483129097695441	tgp	ratio	0	Nacional	13_ciudad	Trimestre	7	6	308
168797	118844697	14072238.1745289	269538.734982566	41688424.5224386	42745004.5247345	73588.3914452718	pffl	total	0	Nacional	nacional	Trimestre	7	3	309
21062	25368238.0000003	3296455.39365668	137681.388195802	9619513.68376693	10159218.6781731	35183.362761841556	pffl	total	0	Rural	nacional	Trimestre	7	5	310
147735	93476458.9999995	10775782.7808722	239755.987905626	31857431.8716719	32797264.8135612	62733.53974081568	pffl	total	0	Urbano	nacional	Trimestre	7	4	311
70559	54471473.9999913	6046028.91574177	180659.367829304	17783994.8186548	18492178.6757957	45086.56736125279	pffl	total	0	Nacional	13_ciudad	Trimestre	7	6	312
212158	153414324.886621	0.582806781193652	0.00209246623383856	0.578705599339048	0.586907963048257	0.0019651127835714328	prob	ratio	0	Nacional	nacional	Trimestre	8	3	313
27696	34927968.0000111	0.56410339772163	0.00448558633813172	0.555311759892684	0.572895035550576	0.004463136763254879	prob	ratio	0	Rural	nacional	Trimestre	8	5	314
184462	118486356.886609	0.587879977777751	0.00236400179760447	0.583246592961404	0.592513362594099	0.002112557802104875	prob	ratio	0	Urbano	nacional	Trimestre	8	4	315
85239	67398314.9999974	0.603356095886738	0.00307489572440636	0.597329325431619	0.609382866341858	0.0026661529465821913	prob	ratio	0	Nacional	13_ciudad	Trimestre	8	6	316
166656	118992175.886618	0.0925368359604708	0.00155234081988996	0.0894942817646098	0.0955793901563319	0.0016416219662795397	tsd	ratio	0	Nacional	nacional	Trimestre	8	3	317
20669	25389299.0000071	0.0713793406903395	0.00307768557518723	0.0653471439972249	0.077411537383454	0.003233395016631912	tsd	ratio	0	Rural	nacional	Trimestre	8	5	318
145987	93602876.8866106	0.0978864037976698	0.00178182389697563	0.0943940677690308	0.101378739826309	0.0018751037253928588	tsd	ratio	0	Urbano	nacional	Trimestre	8	4	319
69734	54534352.9999968	0.0939012078630014	0.00229442870100524	0.0894041321876347	0.0983982835383681	0.0023179744771894993	tsd	ratio	0	Nacional	13_ciudad	Trimestre	8	6	320
212158	153414324.886621	23116482.3385695	372071.637187438	68620195.8467439	70078698.1846734	77944.34865991585	tot_pob	total	0	Nacional	nacional	Trimestre	8	3	321
27696	34927968.0000111	4774063.2772248	173896.649289565	13981356.7175674	14663022.9457813	37771.97125338962	tot_pob	total	0	Rural	nacional	Trimestre	8	5	322
184462	118486356.886609	18342419.0613447	340039.356975492	54360788.4888042	55693725.8792642	65913.82928875257	tot_pob	total	0	Urbano	nacional	Trimestre	8	4	323
85239	67398314.9999974	10967878.1059291	269885.648455358	32374660.6555388	33432607.9800358	48465.64198030108	tot_pob	total	0	Nacional	13_ciudad	Trimestre	8	6	324
212158	153414324.886621	2357259.46673704	123203.383565112	6830302.82802176	7313253.97240049	42593.27588452022	tot_deso	total	0	Nacional	nacional	Trimestre	8	3	325
27696	34927968.0000111	366963.071223933	49221.4273474188	1004416.43842197	1197361.98892163	16732.211435498295	tot_deso	total	0	Rural	nacional	Trimestre	8	5	326
184462	118486356.886609	1990296.39551311	113217.891995319	5748984.92984986	6192793.4432288	39044.28944227978	tot_deso	total	0	Urbano	nacional	Trimestre	8	4	327
85239	67398314.9999974	1136627.71739485	86968.5528836289	3239425.5002768	3580340.80409233	28533.238251844865	tot_deso	total	0	Nacional	13_ciudad	Trimestre	8	6	328
212158	153414324.886621	0.642237397933946	0.00201461656647134	0.638288799494084	0.646185996373807	0.0018654503877425352	tgp	ratio	0	Nacional	nacional	Trimestre	8	3	329
27696	34927968.0000111	0.607463760434736	0.00439492685150699	0.598849812948162	0.61607770792131	0.004243694686763729	tgp	ratio	0	Rural	nacional	Trimestre	8	5	330
184462	118486356.886609	0.651669568281176	0.00226322083239108	0.64723371165388	0.656105424908471	0.0020088998172709967	tgp	ratio	0	Urbano	nacional	Trimestre	8	4	331
85239	67398314.9999974	0.665883346410546	0.00292745417630783	0.660145560183049	0.671621132638043	0.002466293558652172	tgp	ratio	0	Nacional	13_ciudad	Trimestre	8	6	332
166656	118992175.886618	14190316.823566	271430.477660708	42038952.6464381	43102948.2949578	73991.3335486652	pffl	total	0	Nacional	nacional	Trimestre	8	3	333
20669	25389299.0000071	3322073.3182203	138205.357564351	9695340.46404897	10237099.4452728	35914.81108898513	pffl	total	0	Rural	nacional	Trimestre	8	5	334
145987	93602876.8866106	10868243.5053457	241812.752575442	32130782.7878486	33078678.2442256	62679.60075784466	pffl	total	0	Urbano	nacional	Trimestre	8	4	335
69734	54534352.9999968	6073611.84334163	184249.15034051	17859707.5630324	18581963.4970175	44832.57450972135	pffl	total	0	Nacional	13_ciudad	Trimestre	8	6	336
210430	153548073.886639	0.582294958846911	0.00208450572121522	0.578209379207955	0.586380538485868	0.0019873048571870016	prob	ratio	0	Nacional	nacional	Trimestre	9	3	337
27808	34945943.00001	0.557987291116277	0.00442987719850427	0.549304841410772	0.566669740821781	0.0045140391646333105	prob	ratio	0	Rural	nacional	Trimestre	9	5	338
182622	118602130.886629	0.588884740898536	0.00235942400697081	0.584260328221499	0.593509153575574	0.002162889812210279	prob	ratio	0	Urbano	nacional	Trimestre	9	4	339
84152	67454529.0000134	0.608030799439589	0.00308649028962426	0.601981302621901	0.614080296257277	0.0027324116877648374	prob	ratio	0	Nacional	13_ciudad	Trimestre	9	6	340
165332	119138781.886633	0.0916359103919571	0.00152748597791846	0.0886420709708776	0.0946297498130365	0.0015789112819360217	tsd	ratio	0	Nacional	nacional	Trimestre	9	3	341
20787	25409819.0000065	0.0730900120866663	0.0030935213154373	0.0670267773349296	0.079153246838403	0.0030153428011283805	tsd	ratio	0	Rural	nacional	Trimestre	9	5	342
144545	93728962.886626	0.096280695624701	0.00174587550612446	0.0928588174601268	0.0997025737892752	0.001815436926682602	tsd	ratio	0	Urbano	nacional	Trimestre	9	4	343
68746	54597751.0000095	0.0908019309844761	0.00223666558133478	0.0864180698147972	0.0951857921541551	0.002284153534054223	tsd	ratio	0	Nacional	13_ciudad	Trimestre	9	6	344
210430	153548073.886639	23124637.3652493	370663.054751181	68647421.6793425	70100402.5121531	78921.69330753187	tot_pob	total	0	Nacional	nacional	Trimestre	9	3	345
27808	34945943.00001	4726118.69052283	169979.405833823	13845200.6417471	14511511.5013899	38233.63937741437	tot_pob	total	0	Rural	nacional	Trimestre	9	5	346
182622	118602130.886629	18398518.6747264	340493.863815554	54528196.4755648	55862915.5727938	67575.13964549097	tot_pob	total	0	Urbano	nacional	Trimestre	9	4	347
84152	67454529.0000134	11065704.7293798	273174.600421684	32661694.1087439	33732534.267535	49727.84431935847	tot_pob	total	0	Nacional	13_ciudad	Trimestre	9	6	348
210430	153548073.886639	2332817.00772963	120952.660127304	6761386.8019376	7235515.24444018	40765.57773821954	tot_deso	total	0	Nacional	nacional	Trimestre	9	3	349
27808	34945943.00001	372670.568574813	49139.2303001482	1021700.0301339	1214323.38131497	15468.943049491356	tot_deso	total	0	Rural	nacional	Trimestre	9	5	350
182622	118602130.886629	1960146.43915482	110803.283892081	5663267.62251938	6097611.01240953	37675.52192994767	tot_deso	total	0	Urbano	nacional	Trimestre	9	4	351
84152	67454529.0000134	1105135.82394617	84966.2361727653	3148874.31375083	3481940.62992618	28267.914751851345	tot_deso	total	0	Nacional	13_ciudad	Trimestre	9	6	352
210430	153548073.886639	0.641036964702304	0.00200949668965969	0.63709840090933	0.644975528495277	0.001881389322686217	tgp	ratio	0	Nacional	nacional	Trimestre	9	3	353
27808	34945943.00001	0.601986491021012	0.00434588373859254	0.593468666418777	0.610504315623247	0.004357008694147193	tgp	ratio	0	Rural	nacional	Trimestre	9	5	354
182622	118602130.886629	0.651623505271481	0.00226193105820341	0.647190176361866	0.656056834181095	0.0020484821771604247	tgp	ratio	0	Urbano	nacional	Trimestre	9	4	355
84152	67454529.0000134	0.668755049268816	0.00294298507626954	0.662986821546459	0.674523276991173	0.002552939840582962	tgp	ratio	0	Nacional	13_ciudad	Trimestre	9	6	356
165332	119138781.886633	14255472.9225653	271117.918735069	42235033.5212164	43297804.0141752	74715.47738643429	pffl	total	0	Nacional	nacional	Trimestre	9	3	357
20787	25409819.0000065	3371150.4075712	137569.443361041	9843818.09440721	10383084.3510199	36903.60076656871	pffl	total	0	Rural	nacional	Trimestre	9	5	358
144545	93728962.886626	10884322.5149941	242021.484529026	32178610.6791218	33127324.4108427	64000.703318976644	pffl	total	0	Urbano	nacional	Trimestre	9	4	359
68746	54597751.0000095	6028409.78001053	185400.601547328	17721844.4403214	18448614.2397417	46461.59124470831	pffl	total	0	Nacional	13_ciudad	Trimestre	9	6	360
208942	153679394.886622	0.579557419059749	0.00210415401419055	0.575433329083761	0.583681509035736	0.0020802640942094064	prob	ratio	0	Nacional	nacional	Trimestre	10	3	361
27548	34963404.0000058	0.558250693600494	0.00444271158235851	0.549543088463492	0.566958298737496	0.0047896987415806825	prob	ratio	0	Rural	nacional	Trimestre	10	5	362
181394	118715990.886617	0.585330514296026	0.00238635353968949	0.580653320209555	0.590007708382497	0.0022790484416040455	prob	ratio	0	Urbano	nacional	Trimestre	10	4	363
83667	67510271.0000124	0.605526159643096	0.00312459489935739	0.59940197757785	0.611650341708342	0.00293429543598685	prob	ratio	0	Nacional	13_ciudad	Trimestre	10	6	364
164284	119283511.886623	0.0941690190612427	0.00158560250857837	0.0910612723541282	0.0972767657683572	0.0017108532832626152	tsd	ratio	0	Nacional	nacional	Trimestre	10	3	365
20624	25429824.0000044	0.0724024029139616	0.003042831977985	0.0664385178868345	0.0783662879410886	0.0031071538104363835	tsd	ratio	0	Rural	nacional	Trimestre	10	5	366
143660	93853687.886619	0.0996287724916157	0.00182962602570693	0.0960427449557866	0.103214800027445	0.0019905936206218743	tsd	ratio	0	Urbano	nacional	Trimestre	10	4	367
68241	54660827.0000104	0.0927965836505924	0.00231817994571255	0.0882529538575198	0.0973402134436651	0.0026041095363214	tsd	ratio	0	Nacional	13_ciudad	Trimestre	10	6	368
208942	153679394.886622	23043881.4284648	372963.170767418	68400645.6685625	69862642.9022262	82713.73560296367	tot_pob	total	0	Nacional	nacional	Trimestre	10	3	369
27548	34963404.0000058	4732072.2953803	171285.421975753	13860501.6832428	14531932.0890391	40600.39867047296	tot_pob	total	0	Rural	nacional	Trimestre	10	5	370
181394	118715990.886617	18311809.1330845	342385.541891512	54264360.1809248	55606494.617582	71299.0337055859	tot_pob	total	0	Urbano	nacional	Trimestre	10	4	371
83667	67510271.0000124	11032853.5520773	275093.062366848	32559380.3614785	33637740.9509854	53463.67173112187	tot_pob	total	0	Nacional	13_ciudad	Trimestre	10	6	372
208942	153679394.886622	2395612.15629125	125891.911539699	6940091.42695319	7433581.51079433	44121.18743156342	tot_deso	total	0	Nacional	nacional	Trimestre	10	3	373
27548	34963404.0000058	369355.640877477	48268.6496008935	1013461.55979729	1202672.28546756	15922.96497256274	tot_deso	total	0	Rural	nacional	Trimestre	10	5	374
181394	118715990.886617	2026256.51541378	116547.781440711	5850338.76887348	6307200.32360918	41175.51234643652	tot_deso	total	0	Urbano	nacional	Trimestre	10	4	375
83667	67510271.0000124	1128535.34179787	88260.7190600272	3212615.69220058	3558596.35858667	32198.972844810505	tot_deso	total	0	Nacional	13_ciudad	Trimestre	10	6	376
208942	153679394.886622	0.639807459951442	0.00202582892577464	0.635836885217126	0.643778034685757	0.0019510629134229197	tgp	ratio	0	Nacional	nacional	Trimestre	10	3	377
27548	34963404.0000058	0.601824212734257	0.00435951278658755	0.59327967518515	0.610368750283364	0.004626250182824732	tgp	ratio	0	Rural	nacional	Trimestre	10	5	378
181394	118715990.886617	0.650099088479119	0.00228367603019107	0.645623139779072	0.654575037179165	0.0021183179643964665	tgp	ratio	0	Urbano	nacional	Trimestre	10	4	379
83667	67510271.0000124	0.667464593640683	0.00297612810971813	0.661631405345727	0.673297781935638	0.002694092314933028	tgp	ratio	0	Nacional	13_ciudad	Trimestre	10	6	380
164284	119283511.886623	14321677.0441184	273815.912383729	42428357.8517176	43501704.412993	77576.54540826251	pffl	total	0	Nacional	nacional	Trimestre	10	3	381
20624	25429824.0000044	3375180.06374367	137919.646972197	9855220.65881018	10395859.7236519	39214.909309733215	pffl	total	0	Rural	nacional	Trimestre	10	5	382
143660	93853687.886619	10946496.9803748	244951.897125749	32359390.5076452	33319591.3746034	66270.65102501331	pffl	total	0	Urbano	nacional	Trimestre	10	4	383
68241	54660827.0000104	6058886.77279493	188038.614191895	17808104.869844	18545215.7669256	49087.10464952886	pffl	total	0	Nacional	13_ciudad	Trimestre	10	6	384
